GEOID_TXT,"Percent of adults with a bachelor's degree or higher, 2017-21"
'01001',28.131469
'01003',32.450286
'01005',11.153098
'01007',11.913807
'01009',14.90361
'01011',11.691144
'01013',14.039151
'01015',19.528301
'01017',13.653939
'01019',12.822738
'01021',13.535731
'01023',11.7121
'01025',13.885303
'01027',13.381483
'01029',16.384127
'01031',22.68064
'01033',17.858381
'01035',12.452395
'01037',11.206369
'01039',15.805609
'01041',16.420644
'01043',16.477057
'01045',18.681188
'01047',16.113834
'01049',14.432755
'01051',24.564368
'01053',12.548608
'01055',18.009041
'01057',11.836841
'01059',14.273012
'01061',13.489954
'01063',12.703289
'01065',15.787909
'01067',21.57843
'01069',22.227056
'01071',16.102257
'01073',34.656326
'01075',9.951749
'01077',25.481785
'01079',15.291647
'01081',38.620997
'01083',28.385362
'01085',15.102496
'01087',21.237738
'01089',44.286699
'01091',19.702545
'01093',12.611283
'01095',21.390407
'01097',23.923576
'01099',12.886709
'01101',33.357812
'01103',22.757408
'01105',18.902878
'01107',13.299857
'01109',27.754008
'01111',16.224285
'01113',17.265502
'01115',18.491661
'01117',44.791887
'01119',19.466045
'01121',15.930129
'01123',18.065173
'01125',30.644381
'01127',14.088885
'01129',13.562921
'01131',10.972882
'01133',13.457922
'02013',15.935335
'02016',16.805628
'02020',36.772161
'02050',12.72818
'02060',22.083981
'02068',39.432367
'02070',19.562955
'02090',32.564433
'02100',25.646401
'02105',22.3449
'02110',40.062207
'02122',27.365667
'02130',26.385063
'02150',29.179297
'02158',2.920245
'02170',23.714826
'02180',18.374244
'02185',15.598687
'02188',14.428904
'02195',28.408195
'02198',19.199425
'02220',33.245729
'02230',25.047081
'02240',19.346902
'02275',15.163148
'02282',10.309278
'02290',12.906007
'04001',12.827534
'04003',25.812318
'04005',38.739878
'04007',18.787539
'04009',14.676038
'04011',16.001388
'04012',11.819147
'04013',34.356415
'04015',14.627001
'04017',16.664753
'04019',34.374535
'04021',20.892033
'04023',23.036132
'04025',27.774184
'04027',15.689216
'05001',16.574908
'05003',12.019984
'05005',18.605532
'05007',34.564195
'05009',17.76351
'05011',12.522411
'05013',12.245492
'05015',22.020972
'05017',14.759629
'05019',27.893693
'05021',13.994395
'05023',16.981744
'05025',16.70584
'05027',20.155149
'05029',18.677422
'05031',28.946212
'05033',19.070462
'05035',17.469626
'05037',14.054652
'05039',11.502146
'05041',13.677536
'05043',23.742167
'05045',32.896974
'05047',10.599
'05049',11.396635
'05051',23.766568
'05053',17.962402
'05055',16.281113
'05057',16.003261
'05059',16.439285
'05061',14.260809
'05063',16.452705
'05065',17.020448
'05067',12.672061
'05069',19.456594
'05071',16.020763
'05073',10.731494
'05075',14.870532
'05077',9.763124
'05079',8.732651
'05081',14.872285
'05083',12.635762
'05085',20.332548
'05087',13.539854
'05089',15.100383
'05091',16.943351
'05093',14.244088
'05095',13.474594
'05097',15.34029
'05099',11.128581
'05101',16.407858
'05103',13.286364
'05105',17.503526
'05107',14.34949
'05109',19.479429
'05111',11.511886
'05113',15.521423
'05115',23.240229
'05117',15.286307
'05119',36.343765
'05121',16.066482
'05123',11.405454
'05125',27.913966
'05127',10.937726
'05129',15.32328
'05131',23.995378
'05133',11.623745
'05135',11.133344
'05137',14.378653
'05139',18.396508
'05141',16.269165
'05143',33.747099
'05145',20.294018
'05147',16.10378
'05149',14.045307
'06001',49.643049
'06003',39.318885
'06005',19.51773
'06007',29.760071
'06009',19.910732
'06011',14.653565
'06013',44.056173
'06015',16.119373
'06017',36.834141
'06019',22.63294
'06021',14.895594
'06023',31.19224
'06025',15.197657
'06027',27.273389
'06029',17.607466
'06031',14.320118
'06033',17.517606
'06035',11.770752
'06037',34.044369
'06039',16.37771
'06041',60.148936
'06043',28.868497
'06045',24.500008
'06047',14.057089
'06049',19.698355
'06051',29.525113
'06053',26.490069
'06055',37.002385
'06057',38.675235
'06059',42.115793
'06061',41.600644
'06063',23.0212
'06065',23.533346
'06067',31.996977
'06069',20.532485
'06071',21.913221
'06073',40.26325
'06075',59.516756
'06077',19.468543
'06079',36.737546
'06081',52.455561
'06083',35.13603
'06085',54.391969
'06087',41.891269
'06089',22.580846
'06091',22.323364
'06093',21.515688
'06095',27.837572
'06097',37.12915
'06099',17.934736
'06101',19.994759
'06103',16.988907
'06105',18.602417
'06107',15.20191
'06109',24.58555
'06111',34.032029
'06113',43.072959
'06115',17.749523
'08001',26.42874
'08003',25.636845
'08005',44.491172
'08007',39.931339
'08009',23.772102
'08011',14.216443
'08013',62.862416
'08015',39.399686
'08017',22.212544
'08019',53.569072
'08021',24.472997
'08023',24.356512
'08025',9.239905
'08027',38.662316
'08029',22.910581
'08031',52.525068
'08033',26.466089
'08035',59.244346
'08037',50.918965
'08039',35.296021
'08041',39.506194
'08043',18.606674
'08045',32.931089
'08047',48.823781
'08049',37.703261
'08051',56.729537
'08053',46.774194
'08055',25.327596
'08057',27.247451
'08059',47.905702
'08061',20.300752
'08063',18.195112
'08065',35.979132
'08067',46.965343
'08069',49.38108
'08071',18.742374
'08073',16.710245
'08075',20.270003
'08077',29.303032
'08079',56.268657
'08081',18.836689
'08083',30.001078
'08085',26.462928
'08087',17.515668
'08089',18.968241
'08091',46.236829
'08093',33.088553
'08095',26.035088
'08097',62.348479
'08099',16.882948
'08101',23.658223
'08103',23.858103
'08105',28.897243
'08107',50.805028
'08109',25.462185
'08111',42.162162
'08113',59.932714
'08115',22.412807
'08117',52.81498
'08119',36.966157
'08121',22.107132
'08123',29.478598
'08125',23.513224
'09001',49.213389
'09003',39.223839
'09005',36.185007
'09007',43.620887
'09009',36.647081
'09011',34.555313
'09013',42.819707
'09015',24.412177
'10001',25.686244
'10003',37.547826
'10005',30.403559
'11001',61.401074
'12001',45.176714
'12003',15.18974
'12005',25.594533
'12007',11.780324
'12009',31.679551
'12011',34.283914
'12013',10.019704
'12015',24.493381
'12017',19.391286
'12019',26.797925
'12021',37.882104
'12023',15.405258
'12027',12.741877
'12029',10.8483
'12031',31.506738
'12033',27.386875
'12035',27.220493
'12037',21.108564
'12039',19.601297
'12041',12.525285
'12043',13.420047
'12045',23.050933
'12047',9.049817
'12049',10.239402
'12051',8.475928
'12053',19.404387
'12055',18.784644
'12057',35.534638
'12059',9.544469
'12061',32.009689
'12063',13.210555
'12065',21.531323
'12067',7.310137
'12069',25.253503
'12071',29.006488
'12073',47.0539
'12075',15.107175
'12077',13.456189
'12079',13.089666
'12081',32.20579
'12083',21.446538
'12085',34.241229
'12086',31.748441
'12087',35.687023
'12089',31.78893
'12091',33.215634
'12093',16.632932
'12095',35.702532
'12097',24.310425
'12099',37.980381
'12101',26.077347
'12103',34.114632
'12105',21.005834
'12107',12.747626
'12109',45.980032
'12111',24.209878
'12113',29.149031
'12115',37.316677
'12117',41.936235
'12119',32.847791
'12121',15.969606
'12123',11.93395
'12125',10.975195
'12127',25.417953
'12129',19.983402
'12131',32.490768
'12133',12.472527
'13001',9.709288
'13003',10.881124
'13005',11.054795
'13007',18.186068
'13009',25.283925
'13011',16.487455
'13013',20.853256
'13015',19.783194
'13017',10.936556
'13019',13.032042
'13021',25.531147
'13023',15.960832
'13025',6.493819
'13027',16.793152
'13029',33.503733
'13031',28.273177
'13033',15.149755
'13035',12.185423
'13037',11.501296
'13039',21.809184
'13043',12.649526
'13045',21.549005
'13047',22.130467
'13049',12.051113
'13051',35.545639
'13053',24.669126
'13055',10.85321
'13057',38.389469
'13059',46.957998
'13061',18.075666
'13063',20.224456
'13065',10.953524
'13067',49.032237
'13069',14.035829
'13071',14.416614
'13073',37.535792
'13075',16.6486
'13077',33.670806
'13079',11.34488
'13081',13.704994
'13083',16.446719
'13085',32.761286
'13087',14.598275
'13089',46.093864
'13091',15.559537
'13093',13.584729
'13095',22.638031
'13097',29.384951
'13099',14.356858
'13101',10.196078
'13103',24.117661
'13105',12.557127
'13107',12.787452
'13109',15.795438
'13111',23.473555
'13113',46.219906
'13115',20.938458
'13117',55.91723
'13119',16.592752
'13121',55.873224
'13123',21.957488
'13125',11.617195
'13127',30.404144
'13129',16.111082
'13131',15.283148
'13133',31.850612
'13135',38.50217
'13137',23.325889
'13139',25.061982
'13141',9.208401
'13143',16.881021
'13145',32.379725
'13147',16.625943
'13149',10.45785
'13151',28.236487
'13153',31.22582
'13155',17.102706
'13157',25.002997
'13159',16.118454
'13161',12.84986
'13163',11.109044
'13165',8.036574
'13167',9.080101
'13169',17.721714
'13171',18.188549
'13173',17.299895
'13175',16.671718
'13177',30.744716
'13179',19.689078
'13181',13.336857
'13183',14.657639
'13185',26.437642
'13187',32.464059
'13189',15.973219
'13191',18.073775
'13193',10.090293
'13195',20.354455
'13197',14.298808
'13199',11.843277
'13201',19.777024
'13205',11.711294
'13207',28.815749
'13209',17.765441
'13211',27.162182
'13213',10.23814
'13215',27.608088
'13217',21.653988
'13219',51.576813
'13221',21.266577
'13223',25.88597
'13225',21.737919
'13227',24.473258
'13229',15.450057
'13231',20.360825
'13233',13.195891
'13235',12.542144
'13237',25.908632
'13239',9.070165
'13241',26.110893
'13243',12.374504
'13245',22.591826
'13247',27.918929
'13249',15.30343
'13251',14.661993
'13253',15.818289
'13255',18.597341
'13257',16.314948
'13259',15.44186
'13261',19.421201
'13263',14.100523
'13265',8.571429
'13267',14.468717
'13269',15.477889
'13271',7.113709
'13273',10.686402
'13275',25.358148
'13277',17.848866
'13279',16.802339
'13281',31.480284
'13283',14.190793
'13285',19.702084
'13287',10.944067
'13289',11.178396
'13291',24.924012
'13293',14.589666
'13295',19.469304
'13297',23.160126
'13299',14.307843
'13301',9.241271
'13303',16.230775
'13305',13.544527
'13307',13.550296
'13309',9.142988
'13311',21.813204
'13313',17.574176
'13315',12.624844
'13317',12.098163
'13319',10.02893
'13321',10.837539
'15003',36.226286
'16001',40.738713
'16003',18.500146
'16005',28.95253
'16007',19.08936
'16009',18.208778
'16011',19.570514
'16013',42.446382
'16015',27.784271
'16017',26.585998
'16019',31.29237
'16021',16.3382
'16023',14.676486
'16025',23.398329
'16027',20.713059
'16029',18.892873
'16031',18.722058
'16033',19.230769
'16035',18.081235
'16037',27.487715
'16039',19.542864
'16041',15.521355
'16043',21.273222
'16045',21.285018
'16047',15.459962
'16049',21.967401
'16051',25.19703
'16053',13.600597
'16055',26.470438
'16057',43.921381
'16059',21.908069
'16061',18.938807
'16063',11.773517
'16065',36.34449
'16067',12.940114
'16069',25.416467
'16071',22.479564
'16073',13.293245
'16075',18.500304
'16077',13.80719
'16079',11.271737
'16081',46.63728
'16083',23.483174
'16085',29.497443
'16087',17.481381
'17001',25.683963
'17003',12.254517
'17005',21.171359
'17007',24.835512
'17009',12.997405
'17011',20.425981
'17013',17.332532
'17015',19.861331
'17017',18.247176
'17019',45.476297
'17021',18.189687
'17023',23.352963
'17025',14.833512
'17027',23.086541
'17029',25.736282
'17031',40.748656
'17033',17.291924
'17035',19.180483
'17037',33.188386
'17039',20.909902
'17041',19.106681
'17043',50.664393
'17045',18.238792
'17047',13.334843
'17049',23.095409
'17051',12.557347
'17053',21.736368
'17055',17.71182
'17057',18.258972
'17059',10.966694
'17061',16.519517
'17063',26.637067
'17065',18.718263
'17067',24.540212
'17069',13.37884
'17071',18.561151
'17073',23.938456
'17075',15.943304
'17077',34.153951
'17079',19.757817
'17081',18.173827
'17083',22.423677
'17085',25.124197
'17087',17.33775
'17089',35.966191
'17091',20.747473
'17093',35.261582
'17095',19.650843
'17097',46.319487
'17099',18.496291
'17101',13.287271
'17103',18.641705
'17105',16.772866
'17107',21.066761
'17109',32.215656
'17111',35.186163
'17113',45.6075
'17115',23.462909
'17117',18.480736
'17119',28.46813
'17121',16.197748
'17123',17.995338
'17125',16.729441
'17127',13.116197
'17129',24.443162
'17131',18.730018
'17133',37.051631
'17135',17.863702
'17137',21.077202
'17139',19.810745
'17141',21.585413
'17143',32.916928
'17145',11.641771
'17147',31.0797
'17149',17.573423
'17151',14.492255
'17153',14.71368
'17155',19.965953
'17157',13.19053
'17159',19.394435
'17161',23.570926
'17163',29.631834
'17165',19.166036
'17167',33.975707
'17169',17.368421
'17171',22.073101
'17173',17.392166
'17175',19.504644
'17177',21.347538
'17179',27.667175
'17181',22.698349
'17183',16.322302
'17185',18.504811
'17187',22.391719
'17189',22.572888
'17191',15.225399
'17193',16.209451
'17195',18.827302
'17197',35.36906
'17199',26.619395
'17201',23.256304
'17203',34.913477
'18001',14.422942
'18003',29.888438
'18005',35.218117
'18007',17.5175
'18009',14.249007
'18011',49.414176
'18013',27.688671
'18015',14.680192
'18017',13.61738
'18019',22.754712
'18021',16.297347
'18023',14.938954
'18025',11.733046
'18027',13.681412
'18029',24.904878
'18031',20.824661
'18033',18.686747
'18035',25.443812
'18037',24.647266
'18039',20.019431
'18041',15.056645
'18043',30.265525
'18045',13.034411
'18047',21.363926
'18049',16.297514
'18051',18.175751
'18053',19.556379
'18055',15.719965
'18057',60.53404
'18059',32.572492
'18061',18.773521
'18063',39.4544
'18065',17.546231
'18067',20.840734
'18069',20.926804
'18071',17.535971
'18073',17.406448
'18075',12.944255
'18077',18.416598
'18079',15.432522
'18081',32.82374
'18083',18.639934
'18085',24.299013
'18087',10.428712
'18089',23.693603
'18091',19.661417
'18093',19.761136
'18095',19.01605
'18097',32.786479
'18099',20.533767
'18101',14.43539
'18103',14.663547
'18105',47.42064
'18107',20.233855
'18109',19.107651
'18111',11.732181
'18113',16.311432
'18115',15.729828
'18117',13.337694
'18119',14.012697
'18121',12.973346
'18123',15.568556
'18125',14.163685
'18127',30.250065
'18129',24.249552
'18131',13.096061
'18133',17.725957
'18135',16.210846
'18137',19.215087
'18139',16.338224
'18141',32.121055
'18143',13.289096
'18145',18.693962
'18147',19.220999
'18149',11.884148
'18151',22.947848
'18153',12.632988
'18155',9.162342
'18157',40.608391
'18159',24.766783
'18161',19.888009
'18163',27.224569
'18165',16.539557
'18167',25.073069
'18169',19.880482
'18171',18.029801
'18173',32.821086
'18175',12.839367
'18177',19.444628
'18179',18.035461
'18181',17.610619
'18183',23.090227
'19001',19.450758
'19003',22.292994
'19005',17.32911
'19007',18.879022
'19009',21.479832
'19011',21.636803
'19013',29.529399
'19015',25.607566
'19017',33.668465
'19019',21.427014
'19021',21.650352
'19023',19.108657
'19025',20.941443
'19027',22.137025
'19029',20.956354
'19031',21.786476
'19033',23.889899
'19035',21.420818
'19037',18.373825
'19039',14.685095
'19041',23.857372
'19043',17.363083
'19045',21.28467
'19047',16.826111
'19049',50.432592
'19051',19.145542
'19053',26.42751
'19055',18.798177
'19057',21.919218
'19059',31.48946
'19061',32.097251
'19063',16.337085
'19065',17.194637
'19067',20.340857
'19069',18.033956
'19071',17.97303
'19073',20.511995
'19075',25.938408
'19077',20.586681
'19079',24.245568
'19081',20.324044
'19083',19.674664
'19085',19.314151
'19087',21.673574
'19089',18.203162
'19091',18.276529
'19093',19.263516
'19095',23.102823
'19097',19.342402
'19099',19.137873
'19101',38.258368
'19103',54.083988
'19105',21.696386
'19107',17.022184
'19109',18.89546
'19111',19.233812
'19113',34.306324
'19115',15.305585
'19117',14.947856
'19119',19.318773
'19121',24.750965
'19123',20.992366
'19125',30.879761
'19127',20.709658
'19129',28.652901
'19131',21.470343
'19133',15.044958
'19135',19.787234
'19137',18.685219
'19139',22.896854
'19141',21.277916
'19143',17.036011
'19145',17.285165
'19147',23.292782
'19149',23.776673
'19151',17.121638
'19153',38.026521
'19155',22.873585
'19157',29.632997
'19159',20.319705
'19161',18.07869
'19163',33.578087
'19165',21.997123
'19167',31.057779
'19169',51.080569
'19171',16.540773
'19173',17.163814
'19175',22.72563
'19177',16.267564
'19179',19.090833
'19181',32.309446
'19183',23.616575
'19185',15.150126
'19187',19.89533
'19189',24.065873
'19191',30.61734
'19193',23.330057
'19195',19.988791
'19197',19.399305
'20001',18.708474
'20003',16.446233
'20005',22.145737
'20007',24.707904
'20009',20.86587
'20011',23.544918
'20013',19.083139
'20015',32.263609
'20017',29.327453
'20019',15.166461
'20021',19.638742
'20023',21.607516
'20025',27.33711
'20027',25.80131
'20029',22.325581
'20031',22.732687
'20033',18.14059
'20035',24.13763
'20037',30.133072
'20039',22.30997
'20041',24.47095
'20043',18.708375
'20045',52.340304
'20047',18.164436
'20049',17.981962
'20051',37.419935
'20053',20.808998
'20055',17.743287
'20057',20.485084
'20059',23.019432
'20061',23.855728
'20063',19.61398
'20065',26.384181
'20067',24.08377
'20069',23.07035
'20071',29.31677
'20073',17.609489
'20075',19.447853
'20077',16.786571
'20079',31.993975
'20081',15.276048
'20083',30.212431
'20085',21.160563
'20087',24.592821
'20089',19.705341
'20091',56.327248
'20093',19.207836
'20095',22.243061
'20097',24.560302
'20099',22.294199
'20101',23.796296
'20103',34.640169
'20105',24.73223
'20107',20.504962
'20109',20.401691
'20111',26.674616
'20113',29.697773
'20115',27.552654
'20117',18.762648
'20119',22.366412
'20121',32.799688
'20123',25.902227
'20125',20.487963
'20127',25.25355
'20129',17.228051
'20131',28.114095
'20133',20.511606
'20135',21.94606
'20137',23.292469
'20139',21.37314
'20141',21.484682
'20143',21.248143
'20145',19.488753
'20147',21.456916
'20149',36.70918
'20151',32.085206
'20153',21.676455
'20155',20.70007
'20157',26.103819
'20159',22.501644
'20161',48.171338
'20163',20.65741
'20165',20.444659
'20167',21.557013
'20169',27.812984
'20171',23.943662
'20173',31.184942
'20175',11.321193
'20177',32.278757
'20179',22.8471
'20181',21.41527
'20183',21.374336
'20185',26.38191
'20187',14.969136
'20189',12.229997
'20191',25.449298
'20193',24.148915
'20195',23.756392
'20197',24.305997
'20199',28.317757
'20201',22.420943
'20203',18.041237
'20205',18.351064
'20207',20.424628
'20209',19.267816
'21001',18.942521
'21003',17.40386
'21005',25.302835
'21007',16.105206
'21009',17.169663
'21011',14.866794
'21013',9.937493
'21015',33.957481
'21017',23.068092
'21019',20.60762
'21021',26.700388
'21023',12.972598
'21025',16.86106
'21027',14.155446
'21029',16.106265
'21031',13.813364
'21033',17.136415
'21035',31.607043
'21037',38.705054
'21039',12.533896
'21041',6.611454
'21043',12.898115
'21045',11.553134
'21047',18.315831
'21049',20.053331
'21051',11.491675
'21053',13.846154
'21055',12.949866
'21057',13.445185
'21059',25.009442
'21061',10.15625
'21063',8.942203
'21065',10.612366
'21067',45.612928
'21069',15.681057
'21071',12.615919
'21073',29.649021
'21075',13.729373
'21077',10.41595
'21079',20.457516
'21081',15.006281
'21083',17.972127
'21085',11.402381
'21087',13.9125
'21089',16.793506
'21091',15.311631
'21093',22.596872
'21095',9.51648
'21097',17.45421
'21099',10.5636
'21101',18.009388
'21103',13.834657
'21105',24.351852
'21107',16.459215
'21109',9.093883
'21111',34.991485
'21113',29.639322
'21115',16.122996
'21117',35.523184
'21119',16.03811
'21121',15.290655
'21123',16.896585
'21125',15.436868
'21127',12.155963
'21129',7.87298
'21131',9.168242
'21133',10.278813
'21135',8.823851
'21137',13.726542
'21139',14.555133
'21141',16.903896
'21143',14.3274
'21145',26.703873
'21147',7.010414
'21149',17.363495
'21151',33.387909
'21153',10.946353
'21155',14.095725
'21157',21.409967
'21159',11.814143
'21161',22.164034
'21163',17.346444
'21165',11.054579
'21167',20.07157
'21169',13.764557
'21171',14.789636
'21173',16.71987
'21175',15.32266
'21177',11.954993
'21179',20.840009
'21181',9.215611
'21183',14.568323
'21185',44.405361
'21187',18.116315
'21189',11.524288
'21191',15.950249
'21193',14.001414
'21195',15.725941
'21197',16.507258
'21199',17.163277
'21201',13.739469
'21203',12.13913
'21205',25.829384
'21207',16.156215
'21209',29.729583
'21211',28.752404
'21213',13.800818
'21215',22.378822
'21217',21.794419
'21219',14.737635
'21221',21.049463
'21223',14.737539
'21225',10.124645
'21227',32.34252
'21229',20.749698
'21231',15.895501
'21233',10.007907
'21235',19.667458
'21237',6.558099
'21239',39.646533
'22001',13.613823
'22003',12.132964
'22005',28.71999
'22007',10.800857
'22009',12.308086
'22011',18.293134
'22013',12.5
'22015',26.775559
'22017',24.004595
'22019',23.796304
'22021',12.143282
'22023',17.135615
'22025',15.473619
'22027',12.219219
'22029',15.484736
'22031',14.438561
'22033',37.510669
'22035',10.201613
'22037',15.91284
'22039',12.572895
'22041',14.801821
'22043',11.509481
'22045',14.451967
'22047',15.650294
'22049',12.372662
'22051',28.652747
'22053',16.513549
'22055',33.921077
'22057',17.347076
'22059',16.959419
'22061',37.609935
'22063',20.251498
'22065',15.07597
'22067',11.475222
'22069',21.624951
'22071',39.10161
'22073',24.849145
'22075',17.134119
'22077',15.219919
'22079',21.538053
'22081',12.350143
'22083',15.37064
'22085',12.751502
'22087',14.66043
'22089',28.446737
'22091',12.401967
'22093',18.264808
'22095',16.017087
'22097',14.703374
'22099',14.860655
'22101',12.162715
'22103',36.412129
'22105',21.177556
'22107',13.360324
'22109',16.537108
'22111',16.62636
'22113',17.416901
'22115',18.563153
'22117',10.66372
'22119',14.420026
'22121',20.936948
'22123',11.44221
'22125',22.818565
'22127',14.048673
'23001',22.921006
'23003',20.309055
'23005',49.809385
'23007',28.135958
'23009',35.504271
'23011',29.70995
'23013',36.296392
'23015',37.570149
'23017',21.113182
'23019',30.00838
'23021',20.285028
'23023',38.24652
'23025',19.879037
'23027',32.899477
'23029',23.988946
'23031',32.764188
'24001',20.168836
'24003',42.902069
'24005',40.429346
'24009',35.704273
'24011',18.993478
'24013',37.969627
'24015',25.663976
'24017',31.109273
'24019',19.859893
'24021',42.25332
'24023',24.706922
'24025',37.698215
'24027',63.570358
'24029',37.47736
'24031',59.781093
'24033',34.921208
'24035',36.96288
'24037',33.032961
'24039',17.020381
'24041',40.993047
'24043',22.641142
'24045',28.812334
'24047',30.600983
'24510',34.205935
'25001',44.874242
'25003',36.068552
'25005',29.326711
'25007',46.05297
'25009',41.1889
'25011',38.848921
'25013',28.215895
'25015',50.226149
'25017',57.765236
'25019',50.699951
'25021',55.538588
'25023',39.326143
'25025',48.143017
'25027',38.056407
'26001',19.432131
'26003',17.939713
'26005',23.729022
'26007',16.804023
'26009',29.991504
'26011',14.337488
'26013',14.668163
'26015',24.088094
'26017',20.299273
'26019',32.805363
'26021',28.988404
'26023',15.370705
'26025',21.80304
'26027',20.913494
'26029',32.514578
'26031',22.666937
'26033',23.375326
'26035',12.058341
'26037',32.579848
'26039',21.202977
'26041',18.750693
'26043',23.533736
'26045',30.250529
'26047',36.964494
'26049',22.237222
'26051',14.206143
'26053',21.66725
'26055',38.423148
'26057',16.812755
'26059',18.342534
'26061',33.581854
'26063',16.214592
'26065',40.587708
'26067',16.074631
'26069',16.095646
'26071',19.208786
'26073',30.174366
'26075',22.609833
'26077',40.442963
'26079',15.90188
'26081',38.100188
'26083',36.826166
'26085',13.124605
'26087',18.642384
'26089',47.256045
'26091',21.853453
'26093',37.833061
'26095',17.899199
'26097',24.701289
'26099',26.14908
'26101',22.018349
'26103',34.10844
'26105',23.295696
'26107',24.382351
'26109',17.461407
'26111',35.576923
'26113',15.223172
'26115',21.644922
'26117',13.929385
'26119',14.336819
'26121',20.465767
'26123',17.127739
'26125',48.937557
'26127',20.268016
'26129',13.291464
'26131',14.98358
'26133',15.218334
'26135',13.591917
'26137',26.807869
'26139',35.664627
'26141',19.16773
'26143',17.137226
'26145',22.325748
'26147',19.397288
'26149',16.437121
'26151',14.928967
'26153',18.730726
'26155',18.22458
'26157',14.155014
'26159',21.412787
'26161',57.195258
'26163',25.816848
'26165',20.233547
'27001',17.237994
'27003',31.280761
'27005',25.805509
'27007',30.411916
'27009',22.85883
'27011',20.123093
'27013',35.544648
'27015',23.657737
'27017',23.9286
'27019',49.688615
'27021',24.252537
'27023',19.240153
'27025',22.373253
'27027',35.996162
'27029',17.687662
'27031',42.398726
'27033',22.24213
'27035',25.881008
'27037',43.203698
'27039',28.218362
'27041',26.897946
'27043',20.233147
'27045',22.379408
'27047',16.757617
'27049',26.622603
'27051',18.549512
'27053',51.847547
'27055',25.363887
'27057',29.503206
'27059',18.80077
'27061',25.15051
'27063',22.127122
'27065',14.828731
'27067',25.265866
'27069',26.031533
'27071',16.159531
'27073',19.433693
'27075',26.023356
'27077',21.941679
'27079',23.798627
'27081',21.009036
'27083',26.86345
'27085',19.291401
'27087',12.938663
'27089',19.262425
'27091',21.562588
'27093',19.561232
'27095',16.097374
'27097',17.862148
'27099',23.649482
'27101',21.262402
'27103',35.213168
'27105',16.635701
'27107',21.867322
'27109',47.149735
'27111',26.832137
'27113',19.671961
'27115',15.284067
'27117',20.393474
'27119',27.003179
'27121',22.216779
'27123',43.88956
'27125',17.694272
'27127',19.122588
'27129',15.994938
'27131',28.93531
'27133',25.738916
'27135',20.009569
'27137',31.1983
'27139',42.2697
'27141',25.854353
'27143',17.001158
'27145',28.693496
'27147',27.939307
'27149',28.28527
'27151',20.893773
'27153',14.557909
'27155',14.857386
'27157',26.777482
'27159',16.700589
'27161',22.468836
'27163',47.120603
'27165',18.810183
'27167',22.364925
'27169',31.840491
'27171',31.861529
'27173',18.154584
'28001',17.928534
'28003',19.822571
'28005',10.603291
'28007',13.101671
'28009',9.289716
'28011',25.463644
'28013',12.384473
'28015',14.692329
'28017',12.491222
'28019',18.571184
'28021',21.267773
'28023',12.362132
'28025',19.672894
'28027',18.410529
'28029',18.187668
'28031',15.760066
'28033',26.09021
'28035',28.939722
'28037',15.873904
'28039',13.649218
'28041',10.834687
'28043',20.41541
'28045',24.100057
'28047',24.468447
'28049',30.86581
'28051',12.658806
'28053',18.137918
'28057',14.697836
'28059',22.95817
'28061',14.938645
'28063',18.055271
'28065',13.868066
'28067',20.477577
'28069',14.005367
'28071',44.979883
'28073',32.774212
'28075',20.668992
'28077',14.957055
'28079',16.42385
'28081',28.255347
'28083',18.772604
'28085',16.188559
'28087',25.138037
'28089',50.229788
'28091',11.298191
'28093',12.859132
'28095',16.708396
'28097',18.147667
'28099',12.964479
'28101',14.652514
'28103',12.18506
'28105',44.068554
'28107',15.919434
'28109',14.484251
'28111',9.648683
'28113',16.303095
'28115',17.198825
'28117',16.758323
'28119',11.23752
'28121',31.479699
'28123',12.205997
'28125',17.005545
'28127',16.034396
'28129',14.824852
'28131',14.844649
'28133',16.075624
'28135',12.258923
'28137',18.892138
'28139',14.807879
'28141',12.805379
'28143',15.763471
'28145',16.439468
'28147',18.009582
'28149',24.239854
'28151',20.619797
'28153',21.035371
'28155',17.653245
'28157',13.44974
'28159',15.849331
'28161',11.402243
'28163',11.785895
'29001',32.982764
'29003',27.274906
'29005',20.658606
'29007',15.138666
'29009',14.911165
'29011',19.509462
'29013',13.984813
'29015',14.276171
'29017',11.915555
'29019',48.505631
'29021',22.134905
'29023',13.106348
'29025',14.949226
'29027',24.023131
'29029',22.40397
'29031',32.753668
'29033',19.645544
'29035',13.17153
'29037',27.219816
'29039',15.43631
'29041',19.249904
'29043',31.466784
'29045',12.311393
'29047',34.159462
'29049',21.276305
'29051',35.308734
'29053',23.275061
'29055',11.999754
'29057',13.830755
'29059',13.042362
'29061',20.017873
'29063',15.334268
'29065',15.594276
'29067',13.199528
'29069',13.868613
'29071',21.13912
'29073',18.10136
'29075',19.85398
'29077',31.845602
'29079',16.248867
'29081',16.63419
'29083',15.661186
'29085',9.838586
'29087',20.863766
'29089',27.720521
'29091',18.202239
'29093',15.557164
'29095',32.397078
'29097',23.93428
'29099',22.099595
'29101',29.150591
'29103',15.369019
'29105',16.677678
'29107',21.47312
'29109',15.305637
'29111',12.722028
'29113',18.754612
'29115',19.083597
'29117',19.980989
'29119',10.926854
'29121',17.749498
'29123',15.706447
'29125',17.032152
'29127',24.297366
'29129',18.368184
'29131',19.677533
'29133',13.354444
'29135',18.299725
'29137',15.810212
'29139',16.39201
'29141',13.109507
'29143',13.706379
'29145',22.525212
'29147',27.02613
'29149',14.228425
'29151',21.726256
'29153',11.867794
'29155',11.739462
'29157',19.249042
'29159',18.25811
'29161',31.214018
'29163',14.872329
'29165',44.374714
'29167',21.640874
'29169',29.082535
'29171',18.684211
'29173',14.488598
'29175',18.212095
'29177',15.439489
'29179',13.689044
'29181',10.337196
'29183',41.791901
'29185',13.382461
'29186',19.038198
'29187',14.584339
'29189',45.291765
'29195',24.422051
'29197',9.690494
'29199',14.606365
'29201',20.290805
'29203',15.268359
'29205',18.931807
'29207',13.633652
'29209',20.69983
'29211',15.116279
'29213',22.309359
'29215',14.822571
'29217',19.07462
'29219',19.590776
'29221',12.621712
'29223',10.730289
'29225',18.335382
'29227',18.349929
'29229',11.671066
'29510',38.007664
'30001',33.134422
'30003',19.448925
'30005',24.686687
'30007',23.533136
'30009',31.537696
'30011',20.83739
'30013',27.724164
'30015',27.303754
'30017',27.965408
'30019',22.290546
'30021',23.183973
'30023',22.506775
'30025',19.212296
'30027',26.389866
'30029',33.649662
'30031',52.21372
'30033',21.492537
'30035',21.707172
'30037',19.267516
'30039',32.770406
'30041',26.078781
'30043',35.777828
'30045',23.206751
'30047',32.546311
'30049',42.266398
'30051',22.695035
'30053',19.114158
'30055',18.188567
'30057',31.919312
'30059',29.57253
'30061',25.051155
'30063',44.216579
'30065',20.85282
'30067',33.293024
'30069',28.313253
'30071',19.044459
'30073',22.690714
'30075',25.038521
'30077',18.785754
'30079',25.657895
'30081',28.382748
'30083',16.242376
'30085',19.422151
'30087',19.310867
'30089',18.975172
'30091',25.698544
'30093',27.970112
'30095',27.952144
'30097',22.110553
'30099',25.179684
'30101',26.149103
'30103',29.326047
'30105',19.073621
'30107',17.813505
'30109',24.166667
'30111',33.672923
'31001',25.847936
'31003',18.408881
'31005',28.125
'31007',27.292111
'31009',22.83737
'31011',19.530416
'31013',18.73828
'31015',16.838235
'31017',22.482893
'31019',34.527983
'31021',23.099788
'31023',23.815331
'31025',29.766345
'31027',21.743772
'31029',22.412451
'31031',25.808147
'31033',22.580645
'31035',20.033469
'31037',15.127217
'31039',23.606824
'31041',23.456454
'31043',13.788839
'31045',36.429694
'31047',16.141479
'31049',19.519301
'31051',21.243386
'31053',19.737161
'31055',40.745242
'31057',30.398162
'31059',22.181282
'31061',16.473318
'31063',24.545987
'31065',20.967742
'31067',20.233156
'31069',26.506024
'31071',29.398986
'31073',31.002825
'31075',28.265525
'31077',16.472868
'31079',21.733509
'31081',26.340326
'31083',25.336927
'31085',18.808777
'31087',18.256131
'31089',26.286208
'31091',26.427061
'31093',20.170518
'31095',16.935484
'31097',18.661044
'31099',26.924809
'31101',20.164474
'31103',27.831715
'31105',12.724434
'31107',18.833536
'31109',40.12072
'31111',21.323863
'31113',26.371681
'31115',18.02935
'31117',23.86059
'31119',24.263529
'31121',16.344561
'31123',19.59847
'31125',18.000847
'31127',29.379642
'31129',22.660916
'31131',26.358871
'31133',16.041896
'31135',24.173028
'31137',25.81535
'31139',22.724496
'31141',23.538031
'31143',18.128979
'31145',23.626298
'31147',19.431778
'31149',29.633621
'31151',18.220673
'31153',41.131129
'31155',29.070001
'31157',25.028897
'31159',30.543744
'31161',20.05069
'31163',20.469181
'31165',25.490196
'31167',20.525913
'31169',22.749219
'31171',24.494382
'31173',18.932969
'31175',26.289926
'31177',33.735025
'31179',33.382245
'31181',19.645068
'31183',25.838926
'31185',25.245662
'32001',18.8999
'32003',25.804665
'32005',31.804896
'32007',16.320139
'32009',19.107551
'32011',11.067194
'32013',19.569073
'32015',8.186528
'32017',15.180435
'32019',15.932349
'32021',13.758389
'32023',12.693077
'32027',10.370516
'32029',28.270874
'32031',32.342014
'32033',13.400576
'32510',23.089092
'33001',31.207035
'33003',37.368796
'33005',33.06338
'33007',19.981088
'33009',42.563242
'33011',39.639245
'33013',35.832173
'33015',42.821925
'33017',36.884326
'33019',29.587284
'34001',29.411273
'34003',51.230959
'34005',39.95087
'34007',33.64454
'34009',34.976712
'34011',17.048373
'34013',36.652032
'34015',34.479325
'34017',45.672586
'34019',54.31947
'34021',43.599439
'34023',44.843306
'34025',48.512912
'34027',55.753725
'34029',32.227508
'34031',29.848608
'34033',23.348677
'34035',56.128697
'34037',38.102702
'34039',37.589279
'34041',34.492673
'35001',36.348916
'35003',16.871585
'35005',16.93951
'35006',15.644038
'35007',21.792504
'35009',21.27212
'35011',10.657371
'35013',30.039363
'35015',16.899622
'35017',26.694207
'35019',8.468208
'35021',25.062035
'35023',17.977528
'35025',14.840419
'35027',24.425792
'35028',68.520285
'35029',12.033502
'35031',12.20966
'35033',17.132764
'35035',20.12517
'35037',15.52785
'35039',17.723395
'35041',21.752669
'35043',30.951961
'35045',14.916203
'35047',23.883692
'35049',41.129326
'35051',19.790072
'35053',18.187696
'35055',32.549548
'35057',15.214251
'35059',16.205943
'35061',19.359851
'36001',44.319629
'36003',22.372497
'36007',28.90851
'36009',20.025267
'36011',22.1731
'36013',23.3343
'36015',23.914648
'36017',18.256115
'36019',25.380195
'36021',34.884709
'36023',28.06839
'36025',22.983004
'36027',37.673072
'36029',35.888183
'36031',30.469641
'36033',21.62367
'36035',18.248551
'36037',21.986612
'36039',25.61455
'36041',20.476788
'36043',21.43837
'36045',24.320928
'36049',18.818393
'36051',28.903109
'36053',26.247824
'36055',39.954364
'36057',19.229646
'36059',47.481852
'36061',62.551223
'36063',26.318306
'36065',26.224658
'36067',36.504106
'36069',37.491673
'36071',31.439961
'36073',17.233255
'36075',20.825037
'36077',33.346772
'36079',41.491699
'36083',34.335092
'36087',41.964469
'36089',23.567826
'36091',42.657504
'36093',33.258875
'36095',23.239043
'36097',24.345668
'36099',21.463255
'36101',25.474015
'36103',38.306404
'36105',27.026245
'36107',25.814623
'36109',55.26807
'36111',34.479089
'36113',33.053341
'36115',20.587974
'36117',24.438462
'36119',50.649474
'36121',18.109039
'36123',24.471299
'37001',26.347537
'37003',14.899549
'37005',20.386496
'37007',11.754046
'37009',19.555271
'37011',23.883666
'37013',20.37071
'37015',14.963072
'37017',17.703683
'37019',31.67207
'37021',42.280516
'37023',18.652624
'37025',34.769633
'37027',16.592977
'37029',23.830024
'37031',30.146447
'37033',15.122975
'37035',23.994528
'37037',44.984984
'37039',22.543772
'37041',22.588033
'37043',26.9747
'37045',18.906429
'37047',14.060179
'37049',25.562415
'37051',25.888038
'37053',26.053097
'37055',40.175037
'37057',19.257531
'37059',26.152628
'37061',15.558188
'37063',50.723853
'37065',17.421502
'37067',34.483231
'37069',22.552948
'37071',23.256185
'37073',10.972924
'37075',13.53862
'37077',23.364681
'37079',10.752541
'37081',37.210975
'37083',14.752089
'37085',22.974061
'37087',27.738044
'37089',33.021579
'37091',16.30829
'37093',19.83066
'37095',11.138751
'37097',31.62234
'37099',28.752254
'37101',24.599955
'37103',14.742015
'37105',20.834608
'37107',13.962195
'37109',24.25205
'37111',18.255771
'37113',23.972204
'37115',31.706525
'37117',14.508706
'37119',46.928943
'37121',22.324077
'37123',16.51625
'37125',40.137139
'37127',21.836145
'37129',42.826987
'37131',16.685042
'37133',24.825303
'37135',61.255082
'37137',23.543914
'37139',25.679353
'37141',28.978684
'37143',20.341234
'37145',17.580605
'37147',32.639135
'37149',33.773435
'37151',16.066238
'37153',17.542667
'37155',14.159419
'37157',15.550891
'37159',19.881839
'37161',19.321765
'37163',14.696365
'37165',15.342111
'37167',17.932204
'37169',13.957813
'37171',19.002432
'37173',21.397516
'37175',35.900587
'37177',11.21637
'37179',37.67679
'37181',17.101801
'37183',54.723425
'37185',15.241716
'37187',12.485883
'37189',44.415683
'37191',20.427797
'37193',16.74699
'37195',19.747056
'37197',13.968398
'37199',20.32899
'38001',19.126029
'38003',29.250264
'38005',19.447709
'38007',26.666667
'38009',24.566148
'38011',18.839885
'38013',21.759259
'38015',37.216181
'38017',41.756851
'38019',24.895952
'38021',25.244798
'38023',23.405612
'38025',19.643469
'38027',24.646226
'38029',17.987065
'38031',22.922756
'38033',23.494424
'38035',36.106447
'38037',21.010333
'38039',29.897529
'38041',16.801729
'38043',19.073736
'38045',23.331063
'38047',22.70351
'38049',20.861619
'38051',16.166166
'38053',23.975557
'38055',21.367643
'38057',21.127236
'38059',27.268717
'38061',21.362077
'38063',24.595324
'38065',20.581304
'38067',21.634132
'38069',28.912281
'38071',25.472776
'38073',21.237374
'38075',23.328965
'38077',22.602546
'38079',17.301521
'38081',20.021645
'38083',13.944604
'38085',13.621262
'38087',26.206897
'38089',25.934712
'38091',29.593373
'38093',23.865232
'38095',15.00615
'38097',30.386943
'38099',18.056866
'38101',29.360869
'38103',21.890884
'38105',24.407583
'39001',15.955295
'39003',19.118503
'39005',22.198527
'39007',15.083474
'39009',34.058032
'39011',20.052299
'39013',16.000324
'39015',14.578215
'39017',31.809397
'39019',14.100645
'39021',16.748058
'39023',18.858027
'39025',29.465141
'39027',20.064965
'39029',15.662389
'39031',17.061424
'39033',15.651939
'39035',34.374877
'39037',16.682706
'39039',19.172889
'39041',57.064286
'39043',25.199765
'39045',30.200762
'39047',14.724731
'39049',41.19851
'39051',17.605802
'39053',17.249082
'39055',38.42378
'39057',41.130428
'39059',14.760175
'39061',39.636472
'39063',28.019604
'39065',16.443971
'39067',12.242195
'39069',17.655678
'39071',14.080401
'39073',14.770049
'39075',10.522886
'39077',14.975275
'39079',15.125786
'39081',18.253423
'39083',22.684869
'39085',28.850735
'39087',16.926736
'39089',28.608357
'39091',17.91634
'39093',25.992826
'39095',27.547978
'39097',19.987362
'39099',24.850402
'39101',13.147031
'39103',35.019175
'39105',12.407653
'39107',20.39964
'39109',24.306204
'39111',12.617108
'39113',29.19981
'39115',10.87108
'39117',14.96476
'39119',18.241803
'39121',12.140338
'39123',26.024025
'39125',16.183593
'39127',13.401219
'39129',19.552594
'39131',14.706508
'39133',30.05995
'39135',18.351294
'39137',24.752173
'39139',17.830563
'39141',16.862867
'39143',18.14233
'39145',16.392398
'39147',17.905568
'39149',19.061109
'39151',23.584225
'39153',33.942622
'39155',19.262439
'39157',18.365887
'39159',37.797028
'39161',16.654069
'39163',13.078027
'39165',44.144155
'39167',19.82618
'39169',23.395272
'39171',14.566716
'39173',36.260982
'39175',19.408153
'40001',10.590521
'40003',21.000935
'40005',14.656133
'40007',21.462264
'40009',14.666929
'40011',16.880038
'40013',23.707292
'40015',14.78313
'40017',31.377922
'40019',20.125767
'40021',26.972121
'40023',14.225555
'40025',28.96071
'40027',34.67705
'40029',17.511136
'40031',23.924894
'40033',16.744548
'40035',14.600384
'40037',17.137798
'40039',29.551122
'40041',18.159347
'40043',20.048393
'40045',18.39166
'40047',23.400772
'40049',16.710814
'40051',22.197165
'40053',23.737916
'40055',10.592905
'40057',15.938741
'40059',22.430314
'40061',15.792092
'40063',15.268604
'40065',24.475307
'40067',15.222102
'40069',22.96875
'40071',17.623498
'40073',22.512604
'40075',18.574077
'40077',12.900752
'40079',15.311123
'40081',15.00714
'40083',30.316895
'40085',14.952438
'40087',26.064909
'40089',14.611227
'40091',12.709317
'40093',18.610422
'40095',15.844402
'40097',14.787396
'40099',17.753966
'40101',20.002706
'40103',21.366142
'40105',16.003644
'40107',10.663806
'40109',33.703644
'40111',15.107153
'40113',18.998712
'40115',15.448421
'40117',17.351006
'40119',38.256392
'40121',18.658978
'40123',29.32486
'40125',20.39166
'40127',15.101147
'40129',19.983172
'40131',25.039986
'40133',14.246732
'40135',14.251217
'40137',18.114186
'40139',25.972934
'40141',17.613756
'40143',32.72923
'40145',25.314405
'40147',29.313684
'40149',19.165213
'40151',32.294356
'40153',19.595177
'41001',24.206835
'41003',53.363198
'41005',38.875886
'41007',25.75389
'41009',17.961885
'41011',19.953659
'41013',20.354178
'41015',24.085897
'41017',38.656173
'41019',18.757199
'41021',22.192152
'41023',17.431193
'41025',15.397443
'41027',38.413221
'41029',30.021917
'41031',20.863008
'41033',18.081237
'41035',21.127169
'41037',18.999012
'41039',32.469485
'41041',28.595561
'41043',19.812824
'41045',14.118111
'41047',24.507531
'41049',10.441661
'41051',47.233553
'41053',30.771561
'41055',17.976654
'41057',22.368873
'41059',18.161512
'41061',24.189769
'41063',27.577551
'41065',20.965754
'41067',45.558804
'41069',19.647577
'41071',28.427347
'42001',23.996339
'42003',43.290326
'42005',18.544201
'42007',25.903038
'42009',15.77514
'42011',25.889444
'42013',23.210832
'42015',19.52165
'42017',42.918037
'42019',38.207646
'42021',22.352978
'42023',10.616728
'42025',17.674341
'42027',45.8619
'42029',55.244334
'42031',22.053944
'42033',18.36918
'42035',19.346521
'42037',24.788945
'42039',20.217156
'42041',38.20046
'42043',32.257132
'42045',40.547734
'42047',18.809922
'42049',28.810303
'42051',17.896541
'42053',11.229508
'42055',22.971312
'42057',15.747734
'42059',18.008122
'42061',17.456514
'42063',25.704469
'42065',16.376318
'42067',14.50978
'42069',29.424017
'42071',29.731009
'42073',21.480514
'42075',22.054684
'42077',31.461724
'42079',24.020649
'42081',24.320596
'42083',19.527897
'42085',23.135547
'42087',13.302851
'42089',26.062048
'42091',50.747544
'42093',35.559921
'42095',32.782582
'42097',17.800602
'42099',17.911265
'42101',32.521489
'42103',26.783178
'42105',16.297534
'42107',17.777374
'42109',21.637559
'42111',16.886036
'42113',17.927228
'42115',19.443194
'42117',20.673371
'42119',26.126034
'42121',19.421839
'42123',19.49016
'42125',31.721356
'42127',19.591691
'42129',30.762979
'42131',20.912247
'42133',25.807509
'44001',49.460739
'44003',32.878163
'44005',50.668245
'44007',30.582945
'44009',46.093273
'45001',18.225882
'45003',28.801505
'45005',10.355382
'45007',24.706541
'45009',17.469143
'45011',13.961505
'45013',42.352106
'45015',27.318662
'45017',18.107589
'45019',46.738602
'45021',14.587927
'45023',12.966087
'45025',12.567554
'45027',15.600193
'45029',16.241695
'45031',18.592988
'45033',12.157878
'45035',29.469361
'45037',19.401407
'45039',15.691989
'45041',24.280978
'45043',30.684009
'45045',37.894086
'45047',24.159087
'45049',11.043907
'45051',24.502595
'45053',23.481722
'45055',21.189354
'45057',30.002354
'45059',17.227923
'45061',15.883538
'45063',31.531193
'45065',20.742138
'45067',12.336869
'45069',7.999169
'45071',20.969972
'45073',27.862059
'45075',19.040433
'45077',27.144297
'45079',39.650562
'45081',19.295628
'45083',24.895573
'45085',22.378467
'45087',13.579993
'45089',15.62863
'45091',35.870797
'46003',18.298368
'46005',23.880717
'46007',20.193953
'46009',22.787784
'46011',42.971888
'46013',32.401218
'46015',24.56847
'46019',20.322996
'46021',27.187206
'46023',22.350472
'46025',19.167004
'46027',45.907231
'46029',20.253691
'46031',15.49884
'46033',26.718821
'46035',22.777736
'46037',21.192731
'46039',23.247978
'46041',17.080745
'46043',19.758276
'46045',24.648141
'46047',22.114307
'46049',25.322471
'46051',24.651252
'46053',19.056196
'46055',16.009281
'46057',21.170301
'46059',25
'46061',18.237225
'46063',23.067776
'46065',34.544125
'46067',25.337362
'46069',16.749257
'46071',14.211438
'46073',19.438285
'46075',38.622754
'46077',24.023769
'46079',33.029642
'46081',34.527452
'46083',41.250182
'46085',25.783972
'46087',25.74204
'46089',21.621622
'46091',28.054001
'46093',27.88057
'46095',14.621849
'46097',17.258262
'46099',33.464001
'46101',26.691907
'46102',10.359231
'46103',33.248887
'46105',20.865019
'46107',24.402174
'46109',16.114689
'46111',17.210493
'46115',26.449599
'46117',29.03837
'46119',20.758483
'46121',13.308808
'46123',19.188287
'46125',25.917817
'46127',34.390027
'46129',25.09939
'46135',26.500062
'46137',14.572193
'47001',24.417734
'47003',17.968774
'47005',12.068212
'47007',11.09877
'47009',25.378831
'47011',22.911614
'47013',13.184106
'47015',15
'47017',20.304828
'47019',19.522699
'47021',21.981489
'47023',16.974463
'47025',18.307404
'47027',13.083274
'47029',12.341079
'47031',22.837317
'47033',15.528344
'47035',17.270669
'47037',44.420574
'47039',15.821183
'47041',19.464789
'47043',18.540418
'47045',20.231654
'47047',23.596194
'47049',15.953337
'47051',21.678586
'47053',18.207553
'47055',18.282353
'47057',14.010146
'47059',16.958625
'47061',14.751341
'47063',18.046204
'47065',34.104791
'47067',11.090304
'47069',11.351468
'47071',16.19117
'47073',16.201252
'47075',11.838206
'47077',13.559234
'47079',18.132571
'47081',10.112296
'47083',13.190395
'47085',15.78474
'47087',13.216414
'47089',19.235921
'47091',13.610724
'47093',38.76047
'47095',11.537755
'47097',9.230416
'47099',15.907785
'47101',9.917834
'47103',19.216821
'47105',28.23263
'47107',17.917145
'47109',11.977549
'47111',8.946418
'47113',27.011547
'47115',13.996586
'47117',17.658432
'47119',25.421213
'47121',10.8
'47123',15.340306
'47125',29.865867
'47127',23.049194
'47129',11.183313
'47131',15.367555
'47133',12.907514
'47135',9.056277
'47137',15.854622
'47139',14.16259
'47141',26.62443
'47143',17.689822
'47145',21.244956
'47147',20.139043
'47149',33.530664
'47151',9.728385
'47153',15.928895
'47155',18.815361
'47157',33.305177
'47159',17.348857
'47161',20.244636
'47163',25.6872
'47165',29.839019
'47167',18.675892
'47169',9.51005
'47171',16.027642
'47173',11.839919
'47175',10.011148
'47177',14.271418
'47179',33.071791
'47181',11.354839
'47183',21.270925
'47185',13.412475
'47187',61.944153
'47189',35.934858
'48001',11.976681
'48003',18.82278
'48005',18.042074
'48007',24.769541
'48009',22.452705
'48011',26.666667
'48013',14.823173
'48015',23.88835
'48017',14.965358
'48019',27.496546
'48021',23.136272
'48023',19.669488
'48025',11.858764
'48027',26.551595
'48029',29.991938
'48031',25.742916
'48033',37.988827
'48035',18.378873
'48037',22.930958
'48039',31.286449
'48041',42.216673
'48043',46.047486
'48045',15.63147
'48047',18.041781
'48049',19.40597
'48051',21.066602
'48053',27.822662
'48055',16.018167
'48057',17.428299
'48059',22.40991
'48061',18.956438
'48063',22.755588
'48065',26.108496
'48067',17.330339
'48069',21.83253
'48071',23.931025
'48073',17.406351
'48075',18.878879
'48077',23.116049
'48079',9.650681
'48081',20.426829
'48083',19.031202
'48085',53.435302
'48087',23.62959
'48089',20.716131
'48091',39.601859
'48093',19.319627
'48095',12.829736
'48097',22.044911
'48099',17.280284
'48101',19.64462
'48103',14.25104
'48105',16.157989
'48107',14.492754
'48109',17.223314
'48111',15.714613
'48113',32.955885
'48115',13.691775
'48117',11.447104
'48119',22.328191
'48121',47.317823
'48123',12.633618
'48125',20.153715
'48127',13.027722
'48129',15.734597
'48131',8.840557
'48133',21.387903
'48135',16.267908
'48137',20.960699
'48139',26.256283
'48141',24.664271
'48143',30.850082
'48145',12.661391
'48147',18.631971
'48149',23.040446
'48151',19.588415
'48153',14.940912
'48155',16.990291
'48157',48.062408
'48159',29.160839
'48161',15.963528
'48163',8.897275
'48165',10.730594
'48167',33.232414
'48169',11.646399
'48171',35.226633
'48173',30.806258
'48175',18.147783
'48177',13.573104
'48179',14.640023
'48181',21.755759
'48183',21.189902
'48185',17.58165
'48187',28.711221
'48189',16.713615
'48191',19.317612
'48193',21.641134
'48195',23.687461
'48197',15.823553
'48199',18.746379
'48201',32.526268
'48203',21.124477
'48205',23.112975
'48207',17.694933
'48209',38.673646
'48211',21.681997
'48213',18.206705
'48215',19.491655
'48217',17.34514
'48219',17.012173
'48221',30.397118
'48223',20.954239
'48225',14.335557
'48227',13.714889
'48229',8.445799
'48231',21.250649
'48233',16.571429
'48235',18.334892
'48237',14.777048
'48239',15.485881
'48241',13.145336
'48243',27.2371
'48245',19.149011
'48247',13.210506
'48249',15.623001
'48251',20.475798
'48253',12.140115
'48255',15.926145
'48257',22.189876
'48259',47.512076
'48261',3.883495
'48263',32.794457
'48265',29.141853
'48267',28.113325
'48269',25.301205
'48271',16.687067
'48273',22.981544
'48275',14.945534
'48277',19.493508
'48279',12.649222
'48281',18.194936
'48283',7.734086
'48285',17.886295
'48287',14.290357
'48289',17.213921
'48291',9.862613
'48293',15.682466
'48295',25.461255
'48297',12.782791
'48299',30.802241
'48303',32.132103
'48305',23.104494
'48307',14.023158
'48309',26.283428
'48311',15.384615
'48313',11.831979
'48315',15.341309
'48317',21.006494
'48319',34.948605
'48321',19.78668
'48323',15.996726
'48325',22.590114
'48327',27.164574
'48329',28.771224
'48331',16.205956
'48333',24.748966
'48335',9.926816
'48337',17.500537
'48339',36.37433
'48341',12.946429
'48343',12.85297
'48345',21.592148
'48347',24.697066
'48349',16.649324
'48351',8.294512
'48353',16.311907
'48355',21.944813
'48357',18.831923
'48359',23.838538
'48361',16.764417
'48363',17.472618
'48365',13.510694
'48367',28.928798
'48369',18.01382
'48371',11.47929
'48373',13.063341
'48375',15.825891
'48377',17.775031
'48379',18.839606
'48381',32.222258
'48383',13.744813
'48385',16.002019
'48387',14.734271
'48389',9.544893
'48391',10.391534
'48393',25.892857
'48395',17.82567
'48397',43.776686
'48399',17.623791
'48401',15.95848
'48403',18.491163
'48405',12.064805
'48407',14.321282
'48409',16.585355
'48411',16.965866
'48413',16.763679
'48415',15.756914
'48417',32.821943
'48419',14.188933
'48421',20.240354
'48423',27.970211
'48425',28.185628
'48427',12.274111
'48429',18.603907
'48431',18.757764
'48433',14.661654
'48435',19.160839
'48437',16.318172
'48439',33.393528
'48441',27.861896
'48443',20.617284
'48445',11.730404
'48447',23.18408
'48449',16.915605
'48451',25.097177
'48453',52.699257
'48455',13.357437
'48457',14.755587
'48459',17.276605
'48461',11.949686
'48463',18.422594
'48465',19.565745
'48467',17.682286
'48469',19.354244
'48471',20.06189
'48473',25.2131
'48475',10.880247
'48477',28.059187
'48479',19.429447
'48481',18.621745
'48483',17.444934
'48485',23.069129
'48487',15.32027
'48489',9.596426
'48491',44.802693
'48493',24.013589
'48495',10.151188
'48497',18.707476
'48499',20.431339
'48501',10.765295
'48503',25.676111
'48505',11.917756
'48507',14.771375
'49001',26.763333
'49003',24.430025
'49005',39.020107
'49007',16.67302
'49009',19.263456
'49011',38.04687
'49013',14.522392
'49015',15.128081
'49017',25.155984
'49019',26.882178
'49021',29.208537
'49023',21.068702
'49025',30.13038
'49027',23.513617
'49029',39.661516
'49031',20.25417
'49033',23.351279
'49035',37.125862
'49037',20.570588
'49039',22.969662
'49041',21.796956
'49043',55.169506
'49045',23.016557
'49047',17.305947
'49049',42.28845
'49051',44.247314
'49053',30.50185
'49055',21.776018
'49057',26.294973
'50001',42.257369
'50003',38.50032
'50005',30.868846
'50007',54.115097
'50009',19.903445
'50011',27.307648
'50013',42.405988
'50015',42.473266
'50017',34.224277
'50019',27.286357
'50021',32.069767
'50023',43.988373
'50025',40.850663
'50027',40.208883
'51001',21.005893
'51005',15.301033
'51007',17.693671
'51009',21.814493
'51011',19.501453
'51013',76.304063
'51015',22.572781
'51017',18.626275
'51019',30.964308
'51021',13.344149
'51023',27.376718
'51025',16.111626
'51027',11.346698
'51029',11.753051
'51031',24.015954
'51033',21.982861
'51035',15.182121
'51036',15.577139
'51037',15.129966
'51041',41.354589
'51043',35.21153
'51045',20.733788
'51047',26.535858
'51049',17.349198
'51051',10.401062
'51053',17.573074
'51057',15.863506
'51059',63.528896
'51061',37.694816
'51063',21.149544
'51065',36.268963
'51067',22.562946
'51071',18.542503
'51073',25.286134
'51075',46.070298
'51077',15.602472
'51079',28.58661
'51083',16.357238
'51085',40.543925
'51087',44.948743
'51089',15.148116
'51091',28.080569
'51093',29.134661
'51097',21.278626
'51099',34.904538
'51101',24.921345
'51103',33.344843
'51105',10.790265
'51107',62.978066
'51109',25.822859
'51111',11.755918
'51113',24.667533
'51115',29.8897
'51117',22.348031
'51119',27.127281
'51121',45.899296
'51125',30.284279
'51127',32.764692
'51131',28.082719
'51133',33.856237
'51135',16.323816
'51137',26.120219
'51139',14.607324
'51141',16.39779
'51143',14.243284
'51145',31.069467
'51147',24.99602
'51149',24.401536
'51153',42.744116
'51155',19.649095
'51157',31.831939
'51159',17.469091
'51161',37.408078
'51163',28.178128
'51167',12.17319
'51169',14.048611
'51171',20.403182
'51173',15.964089
'51175',19.284487
'51177',33.452687
'51179',42.308508
'51181',22.626263
'51183',13.193164
'51185',16.247628
'51187',22.480455
'51191',24.650398
'51193',16.534286
'51195',14.605198
'51197',19.610196
'51199',48.537392
'51510',65.183881
'51520',23.429873
'51530',19.491939
'51540',57.974532
'51550',35.485365
'51570',25.944545
'51580',13.812561
'51590',18.105021
'51595',12.343424
'51610',78.69877
'51620',21.043508
'51630',42.678741
'51640',17.870472
'51650',27.314582
'51660',34.548742
'51670',11.40403
'51678',60.508156
'51680',38.277187
'51683',32.108799
'51685',25.607794
'51690',22.123695
'51700',28.121723
'51710',31.802471
'51720',21.867967
'51730',22.037801
'51735',40.907528
'51740',20.979639
'51750',40.438913
'51760',43.085771
'51770',26.806673
'51775',32.153891
'51790',30.321979
'51800',30.988647
'51810',38.617333
'51820',27.935405
'51830',50.439588
'51840',33.696229
'53001',13.718053
'53003',23.684211
'53005',32.128417
'53007',28.558924
'53009',30.018282
'53011',31.96006
'53013',26.813259
'53015',17.013233
'53017',21.192641
'53019',17.915072
'53021',19.795475
'53023',25.420673
'53025',18.075588
'53027',16.318915
'53029',34.972206
'53031',42.70898
'53033',54.026467
'53035',35.015009
'53037',35.32309
'53039',31.1033
'53041',19.026134
'53043',24.311331
'53045',18.725913
'53047',21.186813
'53049',22.367984
'53051',22.146613
'53053',28.410347
'53055',51.276198
'53057',28.643272
'53059',25.873121
'53061',34.108358
'53063',31.514618
'53065',20.835094
'53067',36.188601
'53069',21.297935
'53071',28.387333
'53073',36.382983
'53075',47.647888
'53077',17.846771
'54001',13.025526
'54003',23.400447
'54005',11.25191
'54007',13.828316
'54009',20.52879
'54011',28.26921
'54013',10.213383
'54015',11.987887
'54017',13.126893
'54019',16.371891
'54021',20.227975
'54023',11.407079
'54025',18.974776
'54027',12.585234
'54029',17.781576
'54031',13.154631
'54033',23.306371
'54035',17.285059
'54037',31.148197
'54039',27.373496
'54041',16.035726
'54043',7.750137
'54045',11.226128
'54047',6.384911
'54049',24.015514
'54051',19.370534
'54053',14.735482
'54055',20.747487
'54057',20.669817
'54059',9.030967
'54061',46.387947
'54063',14.923581
'54065',19.477508
'54067',15.928912
'54069',33.275273
'54071',16.538953
'54073',11.936006
'54075',13.918875
'54077',16.750235
'54079',26.669464
'54081',19.820898
'54083',17.257626
'54085',9.648431
'54087',13.385519
'54089',17.224274
'54091',16.017211
'54093',20.612245
'54095',15.263243
'54097',16.252973
'54099',17.17761
'54101',12.456918
'54103',14.51766
'54105',14.068147
'54107',21.768955
'54109',11.631612
'55001',15.051082
'55003',19.056707
'55005',20.593484
'55007',33.52282
'55009',31.78442
'55011',19.623185
'55013',21.476243
'55015',30.235853
'55017',23.387356
'55019',12.980256
'55021',23.712356
'55023',17.65609
'55025',53.030735
'55027',18.754258
'55029',34.40208
'55031',26.579514
'55033',29.786392
'55035',33.260096
'55037',20.634921
'55039',22.967502
'55041',15.043045
'55043',23.858838
'55045',24.480966
'55047',21.55881
'55049',26.524026
'55051',22.997735
'55053',16.067227
'55055',27.511138
'55057',15.47948
'55059',29.269895
'55061',19.23708
'55063',35.178893
'55065',19.416791
'55067',15.961849
'55069',18.746458
'55071',21.981297
'55073',26.646719
'55075',17.69903
'55077',13.747841
'55078',18.353909
'55079',32.410966
'55081',20.679668
'55083',17.051922
'55085',26.796428
'55087',30.697653
'55089',50.440016
'55091',22.650785
'55093',29.391017
'55095',22.279618
'55097',33.435758
'55099',16.146617
'55101',26.790579
'55103',20.09772
'55105',24.198415
'55107',16.495941
'55109',36.891547
'55111',24.882896
'55113',25.219033
'55115',16.397767
'55117',26.231351
'55119',16.525058
'55121',20.399092
'55123',23.512555
'55125',28.412538
'55127',30.283132
'55129',22.988045
'55131',33.202805
'55133',46.859389
'55135',20.258047
'55137',16.655921
'55139',29.28225
'55141',20.445336
'56001',56.262332
'56003',19.825405
'56005',20.519266
'56007',20.105399
'56009',22.208095
'56011',24.274354
'56013',24.718845
'56015',23.612513
'56017',24.739195
'56019',36.003973
'56021',30.191545
'56023',22.950693
'56025',24.933471
'56027',20.995334
'56029',33.013705
'56031',22.360248
'56033',31.240782
'56035',26.602196
'56037',19.391717
'56039',57.868509
'56041',17.955112
'56043',26.166329
'56045',18.397383
